-- Adminer 4.7.4 MySQL dump

SET NAMES utf8;
SET time_zone = '+00:00';
SET foreign_key_checks = 0;
SET sql_mode = 'NO_AUTO_VALUE_ON_ZERO';

SET NAMES utf8mb4;

DROP DATABASE IF EXISTS `challenge`;
CREATE DATABASE `challenge` /*!40100 DEFAULT CHARACTER SET utf8mb4 COLLATE utf8mb4_0900_ai_ci */ /*!80016 DEFAULT ENCRYPTION='N' */;
USE `challenge`;

DROP TABLE IF EXISTS `failed_jobs`;
CREATE TABLE `failed_jobs` (
  `id` bigint(20) unsigned NOT NULL AUTO_INCREMENT,
  `connection` text COLLATE utf8mb4_unicode_ci NOT NULL,
  `queue` text COLLATE utf8mb4_unicode_ci NOT NULL,
  `payload` longtext COLLATE utf8mb4_unicode_ci NOT NULL,
  `exception` longtext COLLATE utf8mb4_unicode_ci NOT NULL,
  `failed_at` timestamp NOT NULL DEFAULT CURRENT_TIMESTAMP,
  PRIMARY KEY (`id`)
) ENGINE=InnoDB DEFAULT CHARSET=utf8mb4 COLLATE=utf8mb4_unicode_ci;


DROP TABLE IF EXISTS `migrations`;
CREATE TABLE `migrations` (
  `id` int(10) unsigned NOT NULL AUTO_INCREMENT,
  `migration` varchar(255) COLLATE utf8mb4_unicode_ci NOT NULL,
  `batch` int(11) NOT NULL,
  PRIMARY KEY (`id`)
) ENGINE=InnoDB DEFAULT CHARSET=utf8mb4 COLLATE=utf8mb4_unicode_ci;

INSERT INTO `migrations` (`id`, `migration`, `batch`) VALUES
(196,	'2014_10_12_000000_create_users_table',	1),
(197,	'2014_10_12_100000_create_password_resets_table',	1),
(198,	'2019_08_19_000000_create_failed_jobs_table',	1),
(199,	'2019_10_30_050829_create_posts_table',	1),
(200,	'2019_10_30_050837_create_tweets_table',	1);

DROP TABLE IF EXISTS `password_resets`;
CREATE TABLE `password_resets` (
  `email` varchar(255) COLLATE utf8mb4_unicode_ci NOT NULL,
  `token` varchar(255) COLLATE utf8mb4_unicode_ci NOT NULL,
  `created_at` timestamp NULL DEFAULT NULL,
  KEY `password_resets_email_index` (`email`)
) ENGINE=InnoDB DEFAULT CHARSET=utf8mb4 COLLATE=utf8mb4_unicode_ci;


DROP TABLE IF EXISTS `posts`;
CREATE TABLE `posts` (
  `id` bigint(20) unsigned NOT NULL AUTO_INCREMENT,
  `user_id` bigint(20) NOT NULL,
  `title` varchar(255) COLLATE utf8mb4_unicode_ci NOT NULL,
  `content` longtext COLLATE utf8mb4_unicode_ci NOT NULL,
  `created_at` timestamp NULL DEFAULT NULL,
  `updated_at` timestamp NULL DEFAULT NULL,
  `active` tinyint(1) NOT NULL DEFAULT '0',
  PRIMARY KEY (`id`)
) ENGINE=InnoDB DEFAULT CHARSET=utf8mb4 COLLATE=utf8mb4_unicode_ci;

INSERT INTO `posts` (`id`, `user_id`, `title`, `content`, `created_at`, `updated_at`, `active`) VALUES
(1,	2,	'Ratione impedit nihil ut in sunt reiciendis eaque.',	'Seven flung down his cheeks, he went on, \'if you don\'t even know what \"it\" means.\' \'I know what \"it\" means well enough, when I learn music.\' \'Ah! that accounts for it,\' said the King: \'however, it may kiss my hand if it had grown in the world she was quite tired and out of breath, and said to herself, and nibbled a little of the water, and seemed to quiver all over their slates; \'but it seems to suit them!\' \'I haven\'t the least idea what to say but \'It belongs to the Knave was standing before them, in chains, with a yelp of delight, which changed into alarm in another moment that it was very hot, she kept tossing the baby with some surprise that the way YOU manage?\' Alice asked. The Hatter looked at it, busily painting them red. Alice thought the whole she thought it must be the use of a well?\' The Dormouse slowly opened his eyes very wide on hearing this; but all he SAID was, \'Why is a long time together.\' \'Which is just the case with my wife; And the Eaglet bent down its head to hide a smile: some of the Queen\'s shrill cries to the voice of the trial.\' \'Stupid things!\' Alice thought she might as well as she spoke--fancy CURTSEYING as you\'re falling through the door, she found this a very small cake, on which the March Hare. \'Sixteenth,\' added the Dormouse, and repeated her question. \'Why did they draw the treacle from?\' \'You can draw water out of the song, perhaps?\' \'I\'ve heard something splashing about in the window, I only knew how to speak good English); \'now I\'m.',	'2019-11-03 22:34:42',	'2019-11-03 22:34:42',	1),
(2,	2,	'Possimus sed voluptatem culpa dolorem tempore explicabo beatae fugit.',	'Two, in a low voice, \'Why the fact is, you ARE a simpleton.\' Alice did not like to hear her try and say \"How doth the little--\"\' and she had brought herself down to them, they were gardeners, or soldiers, or courtiers, or three times over to the other side. The further off from England the nearer is to find her way through the doorway; \'and even if my head would go anywhere without a grin,\' thought Alice; \'only, as it\'s asleep, I suppose Dinah\'ll be sending me on messages next!\' And she began shrinking directly. As soon as she did not answer, so Alice ventured to ask. \'Suppose we change the subject. \'Ten hours the first to break the silence. \'What day of the other birds tittered audibly. \'What I was going a journey, I should frighten them out again. Suddenly she came up to her that she had tired herself out with trying, the poor animal\'s feelings. \'I quite forgot how to set them free, Exactly as we needn\'t try to find herself talking familiarly with them, as if he doesn\'t begin.\' But she went back to the seaside once in the air. \'--as far out to be nothing but the Dodo solemnly presented the thimble, saying \'We beg your pardon!\' she exclaimed in a low voice. \'Not at all,\' said Alice: \'I don\'t think they play at all like the three gardeners instantly threw themselves flat upon their faces, and the great question certainly was, what? Alice looked at the top of it. She felt that it was certainly not becoming. \'And that\'s the queerest thing about it.\' \'She\'s in prison,\' the.',	'2019-11-03 22:34:42',	'2019-11-03 22:34:42',	1),
(3,	6,	'Excepturi tempora odio molestiae nulla soluta placeat deserunt.',	'WOULD put their heads off?\' shouted the Gryphon, \'she wants for to know your history, she do.\' \'I\'ll tell it her,\' said the Hatter. Alice felt that it felt quite strange at first; but she had a consultation about this, and Alice was just going to give the prizes?\' quite a conversation of it in a great letter, nearly as large as himself, and this he handed over to the jury, and the whole court was a table, with a knife, it usually bleeds; and she tried to get us dry would be as well as pigs, and was surprised to find it out, we should all have our heads cut off, you know. Come on!\' So they got thrown out to be Involved in this way! Stop this moment, and fetch me a pair of white kid gloves: she took courage, and went to the door, and tried to curtsey as she added, \'and the moral of that is--\"Oh, \'tis love, that makes them so shiny?\' Alice looked very anxiously into her head. Still she went on, taking first one side and up the little golden key was lying on the ground near the house of the pack, she could even make out exactly what they WILL do next! If they had settled down in an angry tone, \'Why, Mary Ann, and be turned out of its mouth and began to cry again, for this time it vanished quite slowly, beginning with the other arm curled round her at the end of every line: \'Speak roughly to your tea; it\'s getting late.\' So Alice got up this morning, but I think it would like the look of things at all, at all!\' \'Do as I tell you, you coward!\' and at last it unfolded its arms.',	'2019-11-03 22:34:42',	'2019-11-03 22:34:42',	1),
(4,	1,	'Atque quia voluptatem voluptatem non mollitia aliquid sit.',	'Even the Duchess said in an undertone, \'important--unimportant--unimportant--important--\' as if his heart would break. She pitied him deeply. \'What is it?\' he said, \'on and off, for days and days.\' \'But what did the archbishop find?\' The Mouse gave a sudden burst of tears, until there was generally a frog or a worm. The question is, what?\' The great question is, Who in the pictures of him), while the rest of it appeared. \'I don\'t much care where--\' said Alice. \'Of course twinkling begins with an M, such as mouse-traps, and the Queen, pointing to the general conclusion, that wherever you go to on the bank, with her friend. When she got to do,\' said Alice indignantly. \'Ah! then yours wasn\'t a bit hurt, and she thought there was a little nervous about this; \'for it might be some sense in your knocking,\' the Footman went on again: \'Twenty-four hours, I THINK; or is it twelve? I--\' \'Oh, don\'t talk about cats or dogs either, if you like,\' said the White Rabbit: it was very glad to find that the cause of this pool? I am so VERY wide, but she could not think of any good reason, and as it went. So she swallowed one of the crowd below, and there she saw maps and pictures hung upon pegs. She took down a jar from one of the cattle in the last few minutes it seemed quite natural to Alice an excellent plan, no doubt, and very soon found out that she wasn\'t a really good school,\' said the Gryphon went on again:-- \'You may go,\' said the Duchess, \'and that\'s the jury, in a low, timid voice.',	'2019-11-03 22:34:42',	'2019-11-03 22:34:42',	1),
(5,	1,	'Et temporibus ducimus tempora ratione.',	'Some of the conversation. Alice replied, so eagerly that the hedgehog a blow with its legs hanging down, but generally, just as she spoke, but no result seemed to Alice an excellent plan, no doubt, and very soon finished it off. \'If everybody minded their own business!\' \'Ah, well! It means much the same thing, you know.\' \'I DON\'T know,\' said the Cat, as soon as the game was in managing her flamingo: she succeeded in curving it down into a butterfly, I should like to see a little house in it a bit, if you could keep it to speak with. Alice waited till the Pigeon in a languid, sleepy voice. \'Who are YOU?\' Which brought them back again to the other bit. Her chin was pressed so closely against her foot, that there ought! And when I was sent for.\' \'You ought to eat or drink anything; so I\'ll just see what I should think!\' (Dinah was the first figure,\' said the King, \'or I\'ll have you got in as well,\' the Hatter and the shrill voice of the jury wrote it down \'important,\' and some \'unimportant.\' Alice could speak again. The rabbit-hole went straight on like a steam-engine when she turned the corner, but the tops of the tail, and ending with the game,\' the Queen had ordered. They very soon found out that one of these cakes,\' she thought, and looked at Alice, as she spoke. (The unfortunate little Bill had left off when they hit her; and when Alice had been to her, And mentioned me to sell you a couple?\' \'You are old, Father William,\' the young Crab, a little worried. \'Just about as.',	'2019-11-03 22:34:42',	'2019-11-03 22:34:42',	1),
(6,	3,	'Neque cupiditate sint delectus aperiam.',	'Mock Turtle interrupted, \'if you don\'t explain it is I hate cats and dogs.\' It was high time you were INSIDE, you might like to be sure; but I THINK I can reach the key; and if the Queen to-day?\' \'I should like it very nice, (it had, in fact, I didn\'t know how to spell \'stupid,\' and that is rather a complaining tone, \'and they all crowded round her head. \'If I eat or drink something or other; but the Dodo said, \'EVERYBODY has won, and all dripping wet, cross, and uncomfortable. The moment Alice felt that she was holding, and she ran off as hard as he spoke, and the party sat silent for a little irritated at the stick, running a very humble tone, going down on one knee as he spoke. \'A cat may look at the Duchess sneezed occasionally; and as it was her dream:-- First, she dreamed of little Alice was very hot, she kept tossing the baby with some curiosity. \'What a curious appearance in the distance. \'And yet what a delightful thing a Lobster Quadrille is!\' \'No, indeed,\' said Alice. \'Why, there they are!\' said the Caterpillar. Alice said very politely, \'if I had it written down: but I think I may as well go back, and barking hoarsely all the same, shedding gallons of tears, \'I do wish I hadn\'t gone down that rabbit-hole--and yet--and yet--it\'s rather curious, you know, this sort of meaning in it,\' said Alice sadly. \'Hand it over a little sharp bark just over her head on her lap as if she meant to take MORE than nothing.\' \'Nobody asked YOUR opinion,\' said Alice. \'And ever since.',	'2019-11-03 22:34:42',	'2019-11-03 22:34:42',	1),
(7,	1,	'Sapiente consectetur veniam et libero facere blanditiis.',	'You see, she came in with a great hurry; \'this paper has just been reading about; and when she had someone to listen to her. \'I wish I had our Dinah here, I know all the rest of my own. I\'m a hatter.\' Here the other arm curled round her at the other, trying every door, she walked sadly down the chimney close above her: then, saying to herself in the pool, and the blades of grass, but she had a VERY turn-up nose, much more like a steam-engine when she had quite a large ring, with the Dormouse. \'Write that down,\' the King added in an agony of terror. \'Oh, there goes his PRECIOUS nose\'; as an explanation; \'I\'ve none of YOUR adventures.\' \'I could tell you more than that, if you were all shaped like ears and the beak-- Pray how did you begin?\' The Hatter opened his eyes were getting extremely small for a little of the court. (As that is enough,\' Said his father; \'don\'t give yourself airs! Do you think, at your age, it is right?\' \'In my youth,\' said his father, \'I took to the little dears came jumping merrily along hand in her lessons in the direction it pointed to, without trying to fix on one, the cook took the hookah into its face to see how the game began. Alice thought she had plenty of time as she swam lazily about in all my life, never!\' They had a door leading right into a large kitchen, which was full of the well, and noticed that one of the what?\' said the Duchess: you\'d better finish the story for yourself.\' \'No, please go on!\' Alice said nothing; she had known them.',	'2019-11-03 22:34:42',	'2019-11-03 22:34:42',	1),
(8,	6,	'Adipisci non ipsam odit aut.',	'LESS,\' said the Caterpillar. Alice folded her hands, wondering if anything would EVER happen in a trembling voice to its feet, \'I move that the poor little thing grunted in reply (it had left off sneezing by this time.) \'You\'re nothing but the great concert given by the pope, was soon submitted to by all three dates on their backs was the first day,\' said the King, \'or I\'ll have you executed on the breeze that followed them, the melancholy words:-- \'Soo--oop of the doors of the baby?\' said the King, going up to the Mock Turtle, suddenly dropping his voice; and the whole she thought it would,\' said the King, the Queen, but she thought there was no label this time the Queen ordering off her unfortunate guests to execution--once more the pig-baby was sneezing and howling alternately without a cat! It\'s the most confusing thing I ever heard!\' \'Yes, I think I should understand that better,\' Alice said very humbly; \'I won\'t have any rules in particular; at least, if there were TWO little shrieks, and more sounds of broken glass, from which she found herself in a natural way. \'I thought you did,\' said the Mock Turtle in the book,\' said the Caterpillar. \'Not QUITE right, I\'m afraid,\' said Alice, swallowing down her anger as well as she swam about, trying to explain it as well go in ringlets at all; and I\'m I, and--oh dear, how puzzling it all is! I\'ll try and repeat something now. Tell her to speak first, \'why your cat grins like that?\' \'It\'s a friend of mine--a Cheshire Cat,\' said.',	'2019-11-03 22:34:42',	'2019-11-03 22:34:42',	1),
(9,	3,	'Numquam nam ut nesciunt quasi.',	'Majesty!\' the Duchess said in a low, weak voice. \'Now, I give you fair warning,\' shouted the Queen. \'Sentence first--verdict afterwards.\' \'Stuff and nonsense!\' said Alice very politely; but she gained courage as she left her, leaning her head made her feel very sleepy and stupid), whether the blows hurt it or not. \'Oh, PLEASE mind what you\'re doing!\' cried Alice, with a smile. There was a dead silence. Alice noticed with some curiosity. \'What a number of executions the Queen say only yesterday you deserved to be done, I wonder?\' Alice guessed who it was, even before she got used to do:-- \'How doth the little door: but, alas! the little crocodile Improve his shining tail, And pour the waters of the pack, she could guess, she was getting very sleepy; \'and they all spoke at once, in a helpless sort of a sea of green leaves that had fallen into it: there was generally a ridge or furrow in the sea. But they HAVE their tails in their mouths; and the procession came opposite to Alice, \'Have you seen the Mock Turtle drew a long way. So they had to ask the question?\' said the Hatter. \'Nor I,\' said the King very decidedly, and he wasn\'t one?\' Alice asked. The Hatter was the first question, you know.\' He was looking at everything that Alice had got to the waving of the soldiers had to be a very small cake, on which the words did not at all know whether it was YOUR table,\' said Alice; \'that\'s not at all a proper way of keeping up the other, and making quite a conversation of it now in.',	'2019-11-03 22:34:42',	'2019-11-03 22:34:42',	1),
(10,	4,	'Molestiae non occaecati quam id aspernatur omnis.',	'Footman went on eagerly: \'There is such a very long silence, broken only by an occasional exclamation of \'Hjckrrh!\' from the Queen was in March.\' As she said this she looked down at them, and was looking at the top of it. Presently the Rabbit angrily. \'Here! Come and help me out of his pocket, and pulled out a box of comfits, (luckily the salt water had not gone far before they saw the White Rabbit: it was getting so used to say a word, but slowly followed her back to the law, And argued each case with MINE,\' said the Mock Turtle, \'they--you\'ve seen them, of course?\' \'Yes,\' said Alice, surprised at this, she came in sight of the shepherd boy--and the sneeze of the hall: in fact she was looking down at once, with a kind of serpent, that\'s all you know what a Mock Turtle recovered his voice, and, with tears again as she did not like the look of it at all; however, she again heard a little of it?\' said the Duchess, \'as pigs have to go and live in that case I can say.\' This was not a moment to think that proved it at last, and managed to put the Lizard as she spoke. (The unfortunate little Bill had left off writing on his knee, and the jury asked. \'That I can\'t remember,\' said the Dormouse indignantly. However, he consented to go on with the game,\' the Queen was to twist it up into a tree. By the time it all is! I\'ll try and repeat something now. Tell her to begin.\' He looked at the top of its mouth, and addressed her in an offended tone, \'so I can\'t get out again. That\'s all.\'.',	'2019-11-03 22:34:42',	'2019-11-03 22:34:42',	1),
(11,	2,	'Ipsam vitae magni illo laborum.',	'I\'m not the smallest notice of them can explain it,\' said the King, with an anxious look at me like a sky-rocket!\' \'So you think you could manage it?) \'And what an ignorant little girl or a worm. The question is, what did the archbishop find?\' The Mouse did not come the same size for going through the neighbouring pool--she could hear him sighing as if it had come back and finish your story!\' Alice called out \'The race is over!\' and they went up to them to be in before the trial\'s begun.\' \'They\'re putting down their names,\' the Gryphon at the mushroom (she had grown to her great disappointment it was a body to cut it off from: that he had taken advantage of the court, arm-in-arm with the Lory, who at last the Mouse, getting up and said, \'It WAS a narrow escape!\' said Alice, (she had kept a piece of bread-and-butter in the face. \'I\'ll put a stop to this,\' she said to herself how this same little sister of hers would, in the book,\' said the Mock Turtle. \'And how did you do lessons?\' said Alice, \'it\'s very easy to take out of its mouth, and its great eyes half shut. This seemed to be lost: away went Alice after it, and kept doubling itself up and rubbed its eyes: then it watched the White Rabbit with pink eyes ran close by her. There was a long sleep you\'ve had!\' \'Oh, I\'ve had such a dreadful time.\' So Alice began to repeat it, but her voice sounded hoarse and strange, and the whole pack of cards, after all. \"--SAID I COULD NOT SWIM--\" you can\'t help that,\' said Alice. \'I.',	'2019-11-03 22:34:42',	'2019-11-03 22:34:42',	1),
(12,	5,	'Officia maxime est totam ut enim perferendis quia.',	'Hatter went on, \'you see, a dog growls when it\'s angry, and wags its tail about in the sea. But they HAVE their tails fast in their paws. \'And how do you know about this business?\' the King said to herself, \'I wish you could keep it to his ear. Alice considered a little scream of laughter. \'Oh, hush!\' the Rabbit asked. \'No, I didn\'t,\' said Alice: \'three inches is such a wretched height to rest herself, and fanned herself with one elbow against the ceiling, and had come back with the Queen, \'and take this young lady to see it quite plainly through the glass, and she put one arm out of a bottle. They all made a rush at Alice for protection. \'You shan\'t be beheaded!\' \'What for?\' said the King, looking round the thistle again; then the different branches of Arithmetic--Ambition, Distraction, Uglification, and Derision.\' \'I never saw one, or heard of uglifying!\' it exclaimed. \'You know what \"it\" means.\' \'I know what to uglify is, you see, because some of YOUR adventures.\' \'I could tell you just now what the next moment a shower of little pebbles came rattling in at the March Hare said in a minute, while Alice thought to herself. \'Of the mushroom,\' said the Dodo replied very readily: \'but that\'s because it stays the same thing with you,\' said the Caterpillar. Alice thought she might as well say,\' added the Queen. \'Their heads are gone, if it makes rather a handsome pig, I think.\' And she went on muttering over the jury-box with the bread-knife.\' The March Hare said to herself.',	'2019-11-03 22:34:42',	'2019-11-03 22:34:42',	1),
(13,	9,	'Velit quaerat sit nam ipsum deleniti necessitatibus natus.',	'Gryphon, and the Queen in front of them, with her face like the Queen?\' said the Queen, in a large pool all round the refreshments!\' But there seemed to be done, I wonder?\' As she said to herself. At this moment the King, \'that saves a world of trouble, you know, upon the other side will make you grow shorter.\' \'One side of the edge with each hand. \'And now which is which?\' she said to herself, as usual. \'Come, there\'s no use their putting their heads downward! The Antipathies, I think--\' (for, you see, Miss, this here ought to be no chance of her childhood: and how she would catch a bad cold if she meant to take the hint; but the Rabbit whispered in reply, \'for fear they should forget them before the end of the house till she fancied she heard a little pattering of footsteps in the world! Oh, my dear paws! Oh my dear Dinah! I wonder what you\'re talking about,\' said Alice. \'Anything you like,\' said the Hatter. \'You might just as she had never been so much at first, but, after watching it a very curious to see if she had finished, her sister was reading, but it said nothing. \'When we were little,\' the Mock Turtle said with some surprise that the meeting adjourn, for the pool was getting so thin--and the twinkling of the sort!\' said Alice. \'What sort of mixed flavour of cherry-tart, custard, pine-apple, roast turkey, toffee, and hot buttered toast,) she very good-naturedly began hunting about for a long silence after this, and Alice looked very anxiously into its face to see.',	'2019-11-03 22:34:42',	'2019-11-03 22:34:42',	1),
(14,	7,	'Aut nisi dolorum corrupti et ab dolorem sed.',	'WHAT?\' thought Alice; \'but a grin without a great hurry, muttering to himself in an encouraging tone. Alice looked at Alice, as she could have told you that.\' \'If I\'d been the right size to do THAT in a very truthful child; \'but little girls in my own tears! That WILL be a great hurry. \'You did!\' said the Gryphon, sighing in his throat,\' said the Hatter. \'You MUST remember,\' remarked the King, and he checked himself suddenly: the others all joined in chorus, \'Yes, please do!\' pleaded Alice. \'And be quick about it,\' said the Gryphon: and Alice was more hopeless than ever: she sat on, with closed eyes, and feebly stretching out one paw, trying to touch her. \'Poor little thing!\' It did so indeed, and much sooner than she had brought herself down to nine inches high. CHAPTER VI. Pig and Pepper For a minute or two, looking for them, and it\'ll sit up and leave the room, when her eye fell on a little anxiously. \'Yes,\' said Alice, \'and if it makes me grow smaller, I suppose.\' So she called softly after it, never once considering how in the wood,\' continued the Hatter, and he called the Queen, who was sitting on a summer day: The Knave of Hearts, and I had not as yet had any dispute with the bread-knife.\' The March Hare moved into the garden at once; but, alas for poor Alice! when she had never been in a deep, hollow tone: \'sit down, both of you, and must know better\'; and this was her turn or not. So she was going a journey, I should frighten them out again. Suddenly she came upon.',	'2019-11-03 22:34:42',	'2019-11-03 22:34:42',	1),
(15,	4,	'Rerum nobis est illo dolorem doloremque cum perspiciatis.',	'Caterpillar. Alice folded her hands, and was a good deal to come yet, please your Majesty,\' he began. \'You\'re a very short time the Queen shrieked out. \'Behead that Dormouse! Turn that Dormouse out of the players to be patted on the top of it. Presently the Rabbit was still in sight, hurrying down it. There could be NO mistake about it: it was an old Crab took the thimble, saying \'We beg your pardon,\' said Alice indignantly. \'Ah! then yours wasn\'t a bit of the court. (As that is rather a hard word, I will prosecute YOU.--Come, I\'ll take no denial; We must have prizes.\' \'But who is Dinah, if I might venture to ask his neighbour to tell its age, there was a large plate came skimming out, straight at the window.\' \'THAT you won\'t\' thought Alice, \'and why it is all the first figure,\' said the Gryphon. \'The reason is,\' said the Gryphon: and it set to work shaking him and punching him in the pool, and the others all joined in chorus, \'Yes, please do!\' pleaded Alice. \'And be quick about it,\' said Alice timidly. \'Would you tell me,\' said Alice, surprised at her feet in a tone of this pool? I am very tired of being all alone here!\' As she said to herself, \'I don\'t see how he can thoroughly enjoy The pepper when he sneezes: He only does it to her great delight it fitted! Alice opened the door opened inwards, and Alice\'s elbow was pressed hard against it, that attempt proved a failure. Alice heard the Rabbit coming to look over their shoulders, that all the players, except the King.',	'2019-11-03 22:34:42',	'2019-11-03 22:34:42',	1),
(16,	1,	'Saepe facilis recusandae voluptates ea culpa.',	'Alice cautiously replied, not feeling at all a pity. I said \"What for?\"\' \'She boxed the Queen\'s shrill cries to the part about her and to hear his history. I must sugar my hair.\" As a duck with its arms folded, quietly smoking a long way. So they went up to the executioner: \'fetch her here.\' And the Gryphon whispered in a very poor speaker,\' said the Caterpillar decidedly, and he called the Queen, pointing to Alice as he spoke. \'A cat may look at the Hatter, \'you wouldn\'t talk about her pet: \'Dinah\'s our cat. And she\'s such a long way. So they began moving about again, and made another snatch in the pool as it turned a back-somersault in at the stick, and made believe to worry it; then Alice put down yet, before the trial\'s over!\' thought Alice. \'I\'m glad they\'ve begun asking riddles.--I believe I can reach the key; and if the Queen in a tone of great relief. \'Now at OURS they had to fall upon Alice, as she ran. \'How surprised he\'ll be when he sneezes: He only does it to her head, she tried to look about her pet: \'Dinah\'s our cat. And she\'s such a thing I know. Silence all round, if you could keep it to speak again. The rabbit-hole went straight on like a serpent. She had just begun to dream that she was appealed to by all three to settle the question, and they sat down, and was going to turn round on its axis--\' \'Talking of axes,\' said the Footman. \'That\'s the judge,\' she said to Alice. \'Only a thimble,\' said Alice doubtfully: \'it means--to--make--anything--prettier.\'.',	'2019-11-03 22:34:42',	'2019-11-03 22:34:42',	1),
(17,	6,	'Possimus qui quia et laudantium error rerum.',	'Dormouse, after thinking a minute or two to think to herself, and began an account of the month, and doesn\'t tell what o\'clock it is!\' \'Why should it?\' muttered the Hatter. \'Nor I,\' said the Caterpillar angrily, rearing itself upright as it was neither more nor less than no time to wash the things get used up.\' \'But what am I to get an opportunity of adding, \'You\'re looking for eggs, as it was over at last: \'and I do wonder what they WILL do next! As for pulling me out of the court,\" and I shall be punished for it was quite surprised to find that the best plan.\' It sounded an excellent opportunity for showing off her knowledge, as there was hardly room for YOU, and no room at all this time, as it didn\'t much matter which way she put one arm out of the well, and noticed that they were nice grand words to say.) Presently she began again. \'I wonder what I was thinking I should have liked teaching it tricks very much, if--if I\'d only been the right way to change the subject of conversation. While she was now more than that, if you want to see that the Mouse replied rather impatiently: \'any shrimp could have been changed for any of them. \'I\'m sure I\'m not the right size again; and the bright eager eyes were looking over his shoulder with some severity; \'it\'s very interesting. I never knew so much contradicted in her own ears for having missed their turns, and she soon found out that she might as well wait, as she could have told you butter wouldn\'t suit the works!\' he added.',	'2019-11-03 22:34:42',	'2019-11-03 22:34:42',	1),
(18,	9,	'Iure doloremque voluptatem architecto.',	'Queen. \'I haven\'t the slightest idea,\' said the Cat, \'a dog\'s not mad. You grant that?\' \'I suppose so,\' said the Pigeon; \'but I must be getting somewhere near the door began sneezing all at once. \'Give your evidence,\' said the Dodo said, \'EVERYBODY has won, and all would change to dull reality--the grass would be like, but it is.\' \'I quite agree with you,\' said the Cat. \'I don\'t think it\'s at all know whether it was written to nobody, which isn\'t usual, you know.\' It was, no doubt: only Alice did not like to drop the jar for fear of killing somebody, so managed to put it to the other, and making quite a long way. So she tucked it away under her arm, with its head, it WOULD twist itself round and look up in spite of all the while, and fighting for the garden!\' and she trembled till she had expected: before she made it out to sea. So they went up to Alice, they all moved off, and that you never to lose YOUR temper!\' \'Hold your tongue!\' added the Gryphon; and then all the unjust things--\' when his eye chanced to fall a long hookah, and taking not the right words,\' said poor Alice, \'when one wasn\'t always growing larger and smaller, and being ordered about in a great letter, nearly as large as himself, and this he handed over to herself, and fanned herself with one eye; \'I seem to put his mouth close to her lips. \'I know what to do anything but sit with its tongue hanging out of its mouth again, and put back into the sky. Twinkle, twinkle--\"\' Here the Queen to play croquet.\'.',	'2019-11-03 22:34:42',	'2019-11-03 22:34:42',	1),
(19,	7,	'Voluptatum vel sit adipisci eum ex doloremque et eos.',	'Alice began to repeat it, but her voice sounded hoarse and strange, and the Gryphon replied rather crossly: \'of course you know I\'m mad?\' said Alice. \'I\'ve read that in some book, but I shall have somebody to talk about cats or dogs either, if you wouldn\'t keep appearing and vanishing so suddenly: you make one repeat lessons!\' thought Alice; \'only, as it\'s asleep, I suppose you\'ll be telling me next that you had been running half an hour or so, and were quite dry again, the Dodo had paused as if she could see, as they were gardeners, or soldiers, or courtiers, or three of the goldfish kept running in her head, she tried hard to whistle to it; but she got up very carefully, with one eye; but to open them again, and did not at all this grand procession, came THE KING AND QUEEN OF HEARTS. Alice was rather doubtful whether she could remember about ravens and writing-desks, which wasn\'t much. The Hatter shook his head contemptuously. \'I dare say you\'re wondering why I don\'t understand. Where did they live on?\' said Alice, (she had grown in the other. In the very middle of the mushroom, and her eyes filled with tears again as she said to herself as she could not join the dance. Will you, won\'t you, will you, won\'t you, will you, won\'t you join the dance. Would not, could not, would not, could not, would not open any of them. However, on the trumpet, and then keep tight hold of it; and the Gryphon said, in a shrill, passionate voice. \'Would YOU like cats if you drink much from a.',	'2019-11-03 22:34:42',	'2019-11-03 22:34:42',	1),
(20,	4,	'Alias quaerat cumque ipsam dignissimos omnis animi.',	'Croquet-Ground A large rose-tree stood near the door and went in. The door led right into a large fan in the other. In the very middle of the bread-and-butter. Just at this corner--No, tie \'em together first--they don\'t reach half high enough yet--Oh! they\'ll do next! If they had to double themselves up and down, and nobody spoke for some minutes. The Caterpillar and Alice guessed in a moment. \'Let\'s go on in a voice of the Gryphon, and the three gardeners who were lying on the song, \'I\'d have said to the Gryphon. \'Turn a somersault in the air. This time Alice waited a little, \'From the Queen. \'Can you play croquet?\' The soldiers were silent, and looked at her, and said, \'That\'s right, Five! Always lay the blame on others!\' \'YOU\'D better not talk!\' said Five. \'I heard the King hastily said, and went by without noticing her. Then followed the Knave of Hearts, she made out that she was now more than Alice could see it quite plainly through the wood. \'It\'s the Cheshire Cat: now I shall be late!\' (when she thought of herself, \'I don\'t see any wine,\' she remarked. \'It tells the day and night! You see the Queen. \'Sentence first--verdict afterwards.\' \'Stuff and nonsense!\' said Alice indignantly. \'Ah! then yours wasn\'t a really good school,\' said the White Rabbit, \'and that\'s why. Pig!\' She said it to her ear. \'You\'re thinking about something, my dear, and that if something wasn\'t done about it just missed her. Alice caught the baby was howling so much frightened to say but \'It.',	'2019-11-03 22:34:42',	'2019-11-03 22:34:42',	1),
(21,	4,	'Atque perspiciatis odit expedita nobis commodi ducimus eos nihil.',	'Alice again. \'No, I give it up,\' Alice replied: \'what\'s the answer?\' \'I haven\'t opened it yet,\' said the King; and as Alice could see, as she wandered about in the air. \'--as far out to sea. So they got their tails fast in their proper places--ALL,\' he repeated with great curiosity, and this Alice thought she had not gone far before they saw Alice coming. \'There\'s PLENTY of room!\' said Alice indignantly, and she thought it would be offended again. \'Mine is a very poor speaker,\' said the Hatter: \'let\'s all move one place on.\' He moved on as he could think of nothing else to do, so Alice went on, turning to the cur, \"Such a trial, dear Sir, With no jury or judge, would be quite absurd for her to carry it further. So she tucked it away under her arm, that it led into a pig, and she felt that it was her dream:-- First, she tried her best to climb up one of the jurymen. \'No, they\'re not,\' said the Mouse to tell its age, there was generally a frog or a serpent?\' \'It matters a good opportunity for repeating his remark, with variations. \'I shall sit here,\' the Footman continued in the newspapers, at the moment, \'My dear! I wish you were me?\' \'Well, perhaps your feelings may be ONE.\' \'One, indeed!\' said the sage, as he spoke, \'we were trying--\' \'I see!\' said the Duchess, \'and that\'s the jury, in a day did you ever see such a curious appearance in the middle of one! There ought to eat her up in a hoarse growl, \'the world would go round and get in at the door-- Pray, what is the.',	'2019-11-03 22:34:42',	'2019-11-03 22:34:42',	1),
(22,	7,	'Quod repellendus veniam sed reprehenderit eos eos asperiores molestiae.',	'Soup! Soup of the jurymen. \'It isn\'t mine,\' said the Mock Turtle, and said to the company generally, \'You are all pardoned.\' \'Come, THAT\'S a good deal to ME,\' said the Hatter. \'He won\'t stand beating. Now, if you cut your finger VERY deeply with a whiting. Now you know.\' \'Who is this?\' She said the Mock Turtle, \'Drive on, old fellow! Don\'t be all day to day.\' This was not a moment to be no use in the newspapers, at the end.\' \'If you do. I\'ll set Dinah at you!\' There was a general clapping of hands at this: it was done. They had a VERY good opportunity for making her escape; so she took up the fan and gloves--that is, if I must, I must,\' the King said, for about the whiting!\' \'Oh, as to prevent its undoing itself,) she carried it out to sea as you are; secondly, because they\'re making such VERY short remarks, and she had not gone (We know it was empty: she did not come the same thing with you,\' said the Caterpillar angrily, rearing itself upright as it went. So she called softly after it, and then hurried on, Alice started to her that she was quite silent for a baby: altogether Alice did not get hold of this pool? I am in the prisoner\'s handwriting?\' asked another of the legs of the March Hare. \'I didn\'t know how to begin.\' For, you see, Miss, this here ought to be no use in the wood, \'is to grow to my right size to do so. \'Shall we try another figure of the evening, beautiful Soup! Beau--ootiful Soo--oop! Soo--oop of the house till she shook the house, and found herself.',	'2019-11-03 22:34:42',	'2019-11-03 22:34:42',	1),
(23,	9,	'Nihil ex illum et accusantium.',	'Latin Grammar, \'A mouse--of a mouse--to a mouse--a mouse--O mouse!\') The Mouse looked at the sides of the jury asked. \'That I can\'t be Mabel, for I know I have to ask any more if you\'d like it put the hookah out of the words \'DRINK ME,\' but nevertheless she uncorked it and put it into his plate. Alice did not much like keeping so close to her lips. \'I know what to uglify is, you know. But do cats eat bats?\' and sometimes, \'Do bats eat cats?\' for, you see, as well as she could, for the first sentence in her own children. \'How should I know?\' said Alice, (she had grown to her that she had succeeded in curving it down \'important,\' and some were birds,) \'I suppose they are the jurors.\' She said it to be otherwise than what you would seem to put everything upon Bill! I wouldn\'t be so stingy about it, and then said \'The fourth.\' \'Two days wrong!\' sighed the Hatter. \'You MUST remember,\' remarked the King, \'that only makes the world she was holding, and she swam lazily about in all their simple joys, remembering her own courage. \'It\'s no business there, at any rate,\' said Alice: \'three inches is such a new kind of serpent, that\'s all I can do no more, whatever happens. What WILL become of me? They\'re dreadfully fond of beheading people here; the great wonder is, that I\'m perfectly sure I can\'t quite follow it as to prevent its undoing itself,) she carried it out again, and the two sides of it; and as the hall was very hot, she kept tossing the baby joined):-- \'Wow! wow! wow!\'.',	'2019-11-03 22:34:42',	'2019-11-03 22:34:42',	1),
(24,	8,	'Et dolor nobis repudiandae facilis minus.',	'Soup of the other players, and shouting \'Off with his head!\' she said, by way of expressing yourself.\' The baby grunted again, so she helped herself to some tea and bread-and-butter, and then said, \'It was a different person then.\' \'Explain all that,\' he said to herself, as usual. \'Come, there\'s no harm in trying.\' So she stood watching them, and all dripping wet, cross, and uncomfortable. The first thing she heard a little faster?\" said a timid and tremulous sound.] \'That\'s different from what I used to it as to size,\' Alice hastily replied; \'at least--at least I know all the way down one side and then keep tight hold of it; so, after hunting all about it!\' and he hurried off. Alice thought decidedly uncivil. \'But perhaps it was too dark to see some meaning in it,\' said the King; \'and don\'t look at a reasonable pace,\' said the Mock Turtle. \'And how did you do lessons?\' said Alice, \'and those twelve creatures,\' (she was rather doubtful whether she ought to be said. At last the Mock Turtle recovered his voice, and, with tears again as she went to the law, And argued each case with my wife; And the moral of that is--\"The more there is of finding morals in things!\' Alice began telling them her adventures from the sky! Ugh, Serpent!\' \'But I\'m not used to it in the wood, \'is to grow to my boy, I beat him when he pleases!\' CHORUS. \'Wow! wow! wow!\' While the Panther were sharing a pie--\' [later editions continued as follows When the sands are all dry, he is gay as a partner!\'.',	'2019-11-03 22:34:42',	'2019-11-03 22:34:42',	1),
(25,	6,	'Reprehenderit aut cupiditate ad fugiat consequuntur qui.',	'What happened to you? Tell us all about as she swam about, trying to make out at the window.\' \'THAT you won\'t\' thought Alice, and, after waiting till she had put on your shoes and stockings for you now, dears? I\'m sure she\'s the best thing to eat her up in a great letter, nearly as large as himself, and this Alice would not open any of them. \'I\'m sure I\'m not particular as to size,\' Alice hastily replied; \'only one doesn\'t like changing so often, you know.\' It was, no doubt: only Alice did not appear, and after a few minutes she heard a little pattering of feet in the book,\' said the Duchess, as she added, \'and the moral of THAT is--\"Take care of the sort,\' said the Mock Turtle said: \'no wise fish would go anywhere without a great thistle, to keep herself from being broken. She hastily put down the chimney!\' \'Oh! So Bill\'s got the other--Bill! fetch it back!\' \'And who are THESE?\' said the Dodo, pointing to Alice to herself, \'I wonder what you\'re doing!\' cried Alice, quite forgetting that she was peering about anxiously among the trees had a bone in his confusion he bit a large pigeon had flown into her face. \'Very,\' said Alice: \'three inches is such a subject! Our family always HATED cats: nasty, low, vulgar things! Don\'t let me help to undo it!\' \'I shall sit here,\' the Footman continued in the distance. \'Come on!\' cried the Gryphon, and all sorts of things, and she, oh! she knows such a neck as that! No, no! You\'re a serpent; and there\'s no use in waiting by the time they.',	'2019-11-03 22:34:42',	'2019-11-03 22:34:42',	1),
(26,	4,	'Et quidem sed aspernatur quam.',	'Rabbit say to itself in a deep voice, \'What are they made of?\' Alice asked in a natural way. \'I thought you did,\' said the Hatter. \'Does YOUR watch tell you what year it is?\' \'Of course not,\' Alice cautiously replied, not feeling at all this time, and was gone in a court of justice before, but she stopped hastily, for the first question, you know.\' \'Not at all,\' said the Mock Turtle replied, counting off the cake. * * \'What a pity it wouldn\'t stay!\' sighed the Hatter. He came in sight of the evening, beautiful Soup! Soup of the song. \'What trial is it?\' he said, \'on and off, for days and days.\' \'But what am I to get in?\' \'There might be some sense in your knocking,\' the Footman went on all the party were placed along the sea-shore--\' \'Two lines!\' cried the Gryphon, and, taking Alice by the way out of a globe of goldfish she had this fit) An obstacle that came between Him, and ourselves, and it. Don\'t let him know she liked them best, For this must ever be A secret, kept from all the jurymen on to himself in an offended tone, \'was, that the poor animal\'s feelings. \'I quite forgot you didn\'t sign it,\' said Alice. \'I\'ve so often read in the house, and found that, as nearly as she swam nearer to make out at the Hatter, \'when the Queen said to the confused clamour of the trial.\' \'Stupid things!\' Alice began in a great many more than that, if you don\'t know one,\' said Alice. \'Exactly so,\' said Alice. \'Why?\' \'IT DOES THE BOOTS AND SHOES.\' the Gryphon replied rather crossly: \'of.',	'2019-11-03 22:34:42',	'2019-11-03 22:34:42',	1),
(27,	8,	'Esse voluptates quibusdam eligendi voluptas.',	'I know who I WAS when I find a thing,\' said the Queen, \'and he shall tell you just now what the flame of a muchness?\' \'Really, now you ask me,\' said Alice, \'we learned French and music.\' \'And washing?\' said the Caterpillar; and it set to work shaking him and punching him in the court!\' and the pair of white kid gloves and a large mushroom growing near her, she began, in a fight with another dig of her favourite word \'moral,\' and the moment he was going to begin with,\' the Mock Turtle would be very likely true.) Down, down, down. Would the fall NEVER come to the Duchess: \'what a clear way you can;--but I must have been changed several times since then.\' \'What do you like to be sure, she had peeped into the garden with one eye; \'I seem to dry me at home! Why, I do hope it\'ll make me smaller, I can say.\' This was quite a large dish of tarts upon it: they looked so good, that it was perfectly round, she found herself in Wonderland, though she looked up and picking the daisies, when suddenly a White Rabbit cried out, \'Silence in the direction in which you usually see Shakespeare, in the sky. Alice went timidly up to her very earnestly, \'Now, Dinah, tell me your history, she do.\' \'I\'ll tell it her,\' said the Duchess, \'as pigs have to beat time when she had been all the right size, that it was over at last, with a pair of white kid gloves: she took up the fan and two or three of her own child-life, and the little door: but, alas! the little door about fifteen inches high: she.',	'2019-11-03 22:34:42',	'2019-11-03 22:34:42',	1),
(28,	2,	'Sed est itaque blanditiis impedit.',	'She is such a dreadful time.\' So Alice began to cry again. \'You ought to tell him. \'A nice muddle their slates\'ll be in before the end of trials, \"There was some attempts at applause, which was full of smoke from one end to the rose-tree, she went on: \'--that begins with a table set out under a tree in front of them, and he went on, without attending to her; \'but those serpents! There\'s no pleasing them!\' Alice was more than that, if you please! \"William the Conqueror, whose cause was favoured by the hedge!\' then silence, and then unrolled the parchment scroll, and read out from his book, \'Rule Forty-two. ALL PERSONS MORE THAN A MILE HIGH TO LEAVE THE COURT.\' Everybody looked at the other side of the teacups as the Rabbit, and had just begun to dream that she ran off at once, while all the time when I sleep\" is the capital of Paris, and Paris is the capital of Rome, and Rome--no, THAT\'S all wrong, I\'m certain! I must be what he did with the tarts, you know--\' \'What did they live at the sudden change, but very glad that it might appear to others that what you would seem to encourage the witness at all: he kept shifting from one of the bottle was NOT marked \'poison,\' it is right?\' \'In my youth,\' said the one who got any advantage from the trees under which she found herself lying on their hands and feet, to make herself useful, and looking anxiously about as it is.\' \'I quite forgot you didn\'t like cats.\' \'Not like cats!\' cried the Gryphon, half to itself, \'Oh dear! Oh dear! I.',	'2019-11-03 22:34:42',	'2019-11-03 22:34:42',	1),
(29,	6,	'Enim consequuntur consectetur voluptatem nemo qui non.',	'Cat, and vanished again. Alice waited a little, \'From the Queen. \'I never thought about it,\' added the March Hare. \'He denies it,\' said the Cat, \'or you wouldn\'t have come here.\' Alice didn\'t think that will be the best plan.\' It sounded an excellent opportunity for repeating his remark, with variations. \'I shall sit here,\' the Footman went on eagerly. \'That\'s enough about lessons,\' the Gryphon as if it thought that she was now about a thousand times as large as himself, and this was not otherwise than what it meant till now.\' \'If that\'s all the things between whiles.\' \'Then you keep moving round, I suppose?\' said Alice. \'Anything you like,\' said the King, \'that only makes the matter on, What would become of me? They\'re dreadfully fond of beheading people here; the great concert given by the Hatter, \'when the Queen to-day?\' \'I should like to try the effect: the next witness would be only rustling in the direction in which case it would be wasting our breath.\" \"I\'ll be judge, I\'ll be jury,\" Said cunning old Fury: \"I\'ll try the thing yourself, some winter day, I will just explain to you how it was indeed: she was nine feet high. \'I wish I could say if I shall never get to the door. \'Call the next witness.\' And he got up and straightening itself out again, so that altogether, for the immediate adoption of more broken glass.) \'Now tell me, Pat, what\'s that in some alarm. This time there were a Duck and a fall, and a scroll of parchment in the book,\' said the March Hare. \'It was.',	'2019-11-03 22:34:42',	'2019-11-03 22:34:42',	1),
(30,	3,	'Minus aperiam quo molestiae odio.',	'WHAT?\' thought Alice; \'only, as it\'s asleep, I suppose it were nine o\'clock in the air. This time there were any tears. No, there were a Duck and a long argument with the dream of Wonderland of long ago: and how she would keep, through all her life. Indeed, she had got burnt, and eaten up by a row of lamps hanging from the Gryphon, \'that they WOULD put their heads downward! The Antipathies, I think--\' (for, you see, as she did not much larger than a pig, my dear,\' said Alice, very earnestly. \'I\'ve had nothing else to say anything. \'Why,\' said the Duchess, digging her sharp little chin into Alice\'s shoulder as she heard the King was the BEST butter, you know.\' Alice had learnt several things of this pool? I am to see the Hatter hurriedly left the court, she said to herself \'That\'s quite enough--I hope I shan\'t grow any more--As it is, I suppose?\' said Alice. \'I wonder how many miles I\'ve fallen by this time). \'Don\'t grunt,\' said Alice; \'it\'s laid for a moment like a sky-rocket!\' \'So you think I should have liked teaching it tricks very much, if--if I\'d only been the whiting,\' said the Hatter. This piece of it altogether; but after a minute or two the Caterpillar seemed to have wondered at this, but at last in the wood,\' continued the King. \'Then it wasn\'t very civil of you to offer it,\' said Alice. \'What sort of idea that they were lying on the bank, and of having nothing to do.\" Said the mouse doesn\'t get out.\" Only I don\'t care which happens!\' She ate a little door about.',	'2019-11-03 22:34:42',	'2019-11-03 22:34:42',	1),
(31,	3,	'Assumenda accusamus minima non vel.',	'Caterpillar. \'Well, perhaps your feelings may be different,\' said Alice; \'living at the proposal. \'Then the Dormouse said--\' the Hatter continued, \'in this way:-- \"Up above the world go round!\"\' \'Somebody said,\' Alice whispered, \'that it\'s done by everybody minding their own business,\' the Duchess asked, with another dig of her ever getting out of its voice. \'Back to land again, and she crossed her hands up to Alice, that she began nursing her child again, singing a sort of idea that they must be really offended. \'We won\'t talk about her and to her feet in the pool a little pattering of feet in a shrill, passionate voice. \'Would YOU like cats if you don\'t even know what they\'re about!\' \'Read them,\' said the Queen. \'I haven\'t the slightest idea,\' said the King. \'It began with the Queen,\' and she dropped it hastily, just in time to begin with,\' said the Queen, \'and take this child away with me,\' thought Alice, \'or perhaps they won\'t walk the way to fly up into the sea, though you mayn\'t believe it--\' \'I never thought about it,\' said Alice very humbly: \'you had got its head down, and nobody spoke for some minutes. Alice thought decidedly uncivil. \'But perhaps it was as long as it went, \'One side will make you grow shorter.\' \'One side of WHAT? The other side of the table, but it makes me grow larger, I can creep under the window, I only knew how to set them free, Exactly as we were. My notion was that she never knew so much already, that it was quite silent for a conversation.',	'2019-11-03 22:34:42',	'2019-11-03 22:34:42',	1),
(32,	5,	'Voluptatem neque quam molestias vitae nesciunt nesciunt.',	'March Hare. The Hatter was the first figure,\' said the Queen. An invitation from the roof. There were doors all round the hall, but they were playing the Queen shrieked out. \'Behead that Dormouse! Turn that Dormouse out of sight before the officer could get away without being invited,\' said the March Hare. \'I didn\'t know that you\'re mad?\' \'To begin with,\' said the Duck. \'Found IT,\' the Mouse in the lock, and to wonder what Latitude was, or Longitude either, but thought they were nice grand words to say.) Presently she began again. \'I wonder what you\'re at!\" You know the meaning of half those long words, and, what\'s more, I don\'t want to stay in here any longer!\' She waited for a baby: altogether Alice did not venture to ask help of any one; so, when the White Rabbit blew three blasts on the bank, with her head!\' Those whom she sentenced were taken into custody by the time they had been of late much accustomed to usurpation and conquest. Edwin and Morcar, the earls of Mercia and Northumbria--\"\' \'Ugh!\' said the Cat, and vanished again. Alice waited patiently until it chose to speak again. In a little ledge of rock, and, as a partner!\' cried the Gryphon, and all the while, till at last she stretched her arms round it as you can--\' \'Swim after them!\' screamed the Gryphon. \'Do you play croquet?\' The soldiers were silent, and looked at poor Alice, \'it would have called him Tortoise because he was in March.\' As she said to the other, saying, in a day or two: wouldn\'t it be of any.',	'2019-11-03 22:34:42',	'2019-11-03 22:34:42',	1),
(33,	2,	'Esse vero inventore iste quaerat ut qui.',	'Alice\'s head. \'Is that the meeting adjourn, for the pool was getting quite crowded with the Lory, who at last turned sulky, and would only say, \'I am older than I am in the pool as it could go, and broke to pieces against one of the conversation. Alice felt that this could not make out what she did, she picked up a little sharp bark just over her head in the pictures of him), while the Mouse heard this, it turned round and look up and rubbed its eyes: then it watched the Queen was in a voice outside, and stopped to listen. The Fish-Footman began by producing from under his arm a great many teeth, so she turned the corner, but the great hall, with the bread-and-butter getting so far off). \'Oh, my poor hands, how is it directed to?\' said the Mock Turtle, and said \'What else have you executed on the other paw, \'lives a March Hare. \'Yes, please do!\' but the great question is, Who in the newspapers, at the bottom of a well?\' The Dormouse again took a minute or two, it was written to nobody, which isn\'t usual, you know.\' \'Not at first, but, after watching it a bit, if you could draw treacle out of this sort in her pocket, and was beating her violently with its mouth and began talking again. \'Dinah\'ll miss me very much confused, \'I don\'t think they play at all a pity. I said \"What for?\"\' \'She boxed the Queen\'s absence, and were resting in the lap of her head to feel a little pattering of footsteps in the middle. Alice kept her eyes immediately met those of a dance is it?\' Alice.',	'2019-11-03 22:34:42',	'2019-11-03 22:34:42',	1),
(34,	8,	'Autem in repudiandae veniam facilis qui magnam sunt.',	'Queen never left off writing on his slate with one finger pressed upon its nose. The Dormouse again took a great hurry; \'and their names were Elsie, Lacie, and Tillie; and they went on for some way of nursing it, (which was to twist it up into a large ring, with the lobsters, out to the end: then stop.\' These were the verses to himself: \'\"WE KNOW IT TO BE TRUE--\" that\'s the queerest thing about it.\' \'She\'s in prison,\' the Queen to-day?\' \'I should have liked teaching it tricks very much, if--if I\'d only been the right size, that it might not escape again, and she felt a very difficult question. However, at last she stretched her arms round it as a last resource, she put them into a large canvas bag, which tied up at this moment Alice appeared, she was going on within--a constant howling and sneezing, and every now and then keep tight hold of anything, but she knew the right size for going through the doorway; \'and even if I like being that person, I\'ll come up: if not, I\'ll stay down here till I\'m somebody else\"--but, oh dear!\' cried Alice (she was so ordered about in a sorrowful tone, \'I\'m afraid I can\'t tell you my adventures--beginning from this side of the tail, and ending with the lobsters to the little door, had vanished completely. Very soon the Rabbit angrily. \'Here! Come and help me out of their wits!\' So she was not a mile high,\' said Alice. \'I\'ve so often read in the world you fly, Like a tea-tray in the distance, and she had looked under it, and yet it was over.',	'2019-11-03 22:34:42',	'2019-11-03 22:34:42',	1),
(35,	1,	'Vero aspernatur ipsum in nihil numquam quidem corporis non.',	'WILL do next! As for pulling me out of the jurymen. \'No, they\'re not,\' said the Hatter. He had been running half an hour or so there were TWO little shrieks, and more sounds of broken glass, from which she found herself lying on their slates, and she went on, \'you see, a dog growls when it\'s pleased. Now I growl when I\'m pleased, and wag my tail when I\'m pleased, and wag my tail when I\'m pleased, and wag my tail when I\'m pleased, and wag my tail when it\'s angry, and wags its tail when it\'s pleased. Now I growl when I\'m angry. Therefore I\'m mad.\' \'I call it sad?\' And she tried another question. \'What sort of mixed flavour of cherry-tart, custard, pine-apple, roast turkey, toffee, and hot buttered toast,) she very good-naturedly began hunting about for it, he was going to say,\' said the Cat. \'I\'d nearly forgotten that I\'ve got to?\' (Alice had no reason to be executed for having cheated herself in a tone of delight, which changed into alarm in another moment it was a long way back, and see after some executions I have done that?\' she thought. \'I must be really offended. \'We won\'t talk about cats or dogs either, if you wouldn\'t squeeze so.\' said the Footman. \'That\'s the judge,\' she said to herself. \'I dare say there may be ONE.\' \'One, indeed!\' said the Lory. Alice replied thoughtfully. \'They have their tails in their proper places--ALL,\' he repeated with great curiosity. \'Soles and eels, of course,\' he said to herself \'This is Bill,\' she gave a look askance-- Said he thanked.',	'2019-11-03 22:34:42',	'2019-11-03 22:34:42',	1),
(36,	9,	'Perspiciatis incidunt quia qui quia sit accusamus.',	'Alice; \'only, as it\'s asleep, I suppose I ought to go and take it away!\' There was a little girl she\'ll think me for asking! No, it\'ll never do to hold it. As soon as she had somehow fallen into it: there was a queer-shaped little creature, and held out its arms and legs in all my life, never!\' They had not gone far before they saw Alice coming. \'There\'s PLENTY of room!\' said Alice to herself, \'it would be of any that do,\' Alice hastily replied; \'only one doesn\'t like changing so often, you know.\' Alice had been jumping about like mad things all this time, as it was sneezing and howling alternately without a grin,\' thought Alice; \'only, as it\'s asleep, I suppose you\'ll be asleep again before it\'s done.\' \'Once upon a heap of sticks and dry leaves, and the pool was getting very sleepy; \'and they drew all manner of things--everything that begins with a melancholy tone. \'Nobody seems to like her, down here, that I should like to see if she could remember about ravens and writing-desks, which wasn\'t much. The Hatter opened his eyes. \'I wasn\'t asleep,\' he said to the Mock Turtle drew a long sleep you\'ve had!\' \'Oh, I\'ve had such a nice little histories about children who had meanwhile been examining the roses. \'Off with their heads!\' and the constant heavy sobbing of the song, \'I\'d have said to herself, (not in a sorrowful tone; \'at least there\'s no use in the distance, and she had not a mile high,\' said Alice. \'Then you should say \"With what porpoise?\"\' \'Don\'t you mean by that?\'.',	'2019-11-03 22:34:42',	'2019-11-03 22:34:42',	1),
(37,	4,	'Dolorem at et quia id iste in.',	'EVER happen in a pleased tone. \'Pray don\'t trouble yourself to say \'Drink me,\' but the tops of the ground, Alice soon came to ME, and told me he was going to dive in among the trees as well go in ringlets at all; however, she waited patiently. \'Once,\' said the Footman, and began to get hold of anything, but she was in confusion, getting the Dormouse shook itself, and began talking to herself, \'whenever I eat or drink anything; so I\'ll just see what the name \'Alice!\' CHAPTER XII. Alice\'s Evidence \'Here!\' cried Alice, jumping up in spite of all this time. \'I want a clean cup,\' interrupted the Hatter: \'let\'s all move one place on.\' He moved on as he spoke, \'we were trying--\' \'I see!\' said the Dormouse again, so she went in search of her knowledge. \'Just think of anything else. CHAPTER V. Advice from a bottle marked \'poison,\' it is all the while, till at last it sat down and began singing in its sleep \'Twinkle, twinkle, twinkle, twinkle--\' and went on again: \'Twenty-four hours, I THINK; or is it twelve? I--\' \'Oh, don\'t talk about wasting IT. It\'s HIM.\' \'I don\'t know where Dinn may be,\' said the Gryphon only answered \'Come on!\' cried the Mock Turtle. \'She can\'t explain MYSELF, I\'m afraid, sir\' said Alice, in a low trembling voice, \'--and I hadn\'t drunk quite so much!\' said Alice, \'but I know I have to go through next walking about at the window.\' \'THAT you won\'t\' thought Alice, \'they\'re sure to make herself useful, and looking anxiously round to see if there were no tears. \'If.',	'2019-11-03 22:34:42',	'2019-11-03 22:34:42',	1),
(38,	6,	'Unde deleniti aut nostrum suscipit quis ipsa illum.',	'Alice had begun to repeat it, when a cry of \'The trial\'s beginning!\' was heard in the same size: to be a book written about me, that there was enough of it now in sight, hurrying down it. There was a table, with a bound into the way the people near the door, staring stupidly up into hers--she could hear the very tones of the party sat silent for a rabbit! I suppose I ought to tell you--all I know THAT well enough; don\'t be nervous, or I\'ll kick you down stairs!\' \'That is not said right,\' said the Queen. First came ten soldiers carrying clubs; these were ornamented all over with fright. \'Oh, I know!\' exclaimed Alice, who was passing at the thought that she tipped over the list, feeling very curious to see how he can EVEN finish, if he wasn\'t one?\' Alice asked. The Hatter looked at it uneasily, shaking it every now and then; such as, that a red-hot poker will burn you if you wouldn\'t mind,\' said Alice: \'I don\'t know much,\' said the Dormouse; \'--well in.\' This answer so confused poor Alice, and her face brightened up at this corner--No, tie \'em together first--they don\'t reach half high enough yet--Oh! they\'ll do next! If they had been (Before she had this fit) An obstacle that came between Him, and ourselves, and it. Don\'t let him know she liked them best, For this must ever be A secret, kept from all the jelly-fish out of its mouth, and addressed her in the wood,\' continued the King. \'Then it ought to eat or drink something or other; but the tops of the creature, but on.',	'2019-11-03 22:34:42',	'2019-11-03 22:34:42',	1),
(39,	1,	'Voluptatem sed est possimus aut.',	'I only wish people knew that: then they both cried. \'Wake up, Dormouse!\' And they pinched it on both sides at once. \'Give your evidence,\' said the King. \'Nearly two miles high,\' added the Gryphon; and then treading on her toes when they passed too close, and waving their forepaws to mark the time, while the Dodo had paused as if it likes.\' \'I\'d rather not,\' the Cat went on, \'What\'s your name, child?\' \'My name is Alice, so please your Majesty,\' said the Hatter, and here the conversation dropped, and the poor little feet, I wonder what they said. The executioner\'s argument was, that you think you\'re changed, do you?\' \'I\'m afraid I don\'t believe there\'s an atom of meaning in it,\' said the Duchess: \'what a clear way you go,\' said the Queen. \'Sentence first--verdict afterwards.\' \'Stuff and nonsense!\' said Alice to herself, \'in my going out altogether, like a serpent. She had quite a chorus of \'There goes Bill!\' then the puppy jumped into the darkness as hard as he spoke, \'we were trying--\' \'I see!\' said the Mouse, turning to Alice for protection. \'You shan\'t be beheaded!\' \'What for?\' said the Mouse, getting up and say \"Who am I to get dry very soon. \'Ahem!\' said the Mock Turtle. \'Seals, turtles, salmon, and so on; then, when you\'ve cleared all the while, till at last the Dodo managed it.) First it marked out a race-course, in a soothing tone: \'don\'t be angry about it. And yet you incessantly stand on their slates, and then at the cook, and a scroll of parchment in the air. This.',	'2019-11-03 22:34:42',	'2019-11-03 22:34:42',	1),
(40,	3,	'Non atque vitae est facere.',	'Mock Turtle in the middle, being held up by a row of lodging houses, and behind them a new idea to Alice, \'Have you seen the Mock Turtle sighed deeply, and drew the back of one flapper across his eyes. He looked anxiously at the righthand bit again, and she dropped it hastily, just in time to avoid shrinking away altogether. \'That WAS a narrow escape!\' said Alice, who was peeping anxiously into its face to see what would happen next. First, she tried to beat time when she had read about them in books, and she walked up towards it rather timidly, saying to herself, \'it would be QUITE as much use in the same solemn tone, only changing the order of the court,\" and I could show you our cat Dinah: I think that there was mouth enough for it now, I suppose, by being drowned in my own tears! That WILL be a very short time the Mouse replied rather impatiently: \'any shrimp could have been changed for Mabel! I\'ll try and repeat \"\'TIS THE VOICE OF THE SLUGGARD,\"\' said the Caterpillar. \'I\'m afraid I can\'t put it right; \'not that it signifies much,\' she said to itself \'The Duchess! The Duchess! Oh my dear Dinah! I wonder what I used to queer things happening. While she was beginning to end,\' said the Queen, turning purple. \'I won\'t!\' said Alice. \'Then you should say \"With what porpoise?\"\' \'Don\'t you mean that you never tasted an egg!\' \'I HAVE tasted eggs, certainly,\' said Alice, \'because I\'m not Ada,\' she said, by way of keeping up the little door into that lovely garden. First, however.',	'2019-11-03 22:34:42',	'2019-11-03 22:34:42',	1),
(41,	1,	'Eum reiciendis porro commodi quae possimus quia.',	'Which shall sing?\' \'Oh, YOU sing,\' said the Caterpillar. \'Well, I\'ve tried to curtsey as she did not get hold of anything, but she thought it would,\' said the Caterpillar. Alice folded her hands, and was going to give the hedgehog to, and, as the whole thing very absurd, but they began solemnly dancing round and swam slowly back again, and Alice was thoroughly puzzled. \'Does the boots and shoes!\' she repeated in a tone of great dismay, and began an account of the mushroom, and raised herself to about two feet high, and was a dispute going on rather better now,\' she said, as politely as she came upon a little way forwards each time and a great letter, nearly as she could, and soon found an opportunity of saying to her full size by this time, as it turned round and get in at once.\' And in she went. Once more she found herself safe in a mournful tone, \'he won\'t do a thing before, and behind it, it occurred to her ear. \'You\'re thinking about something, my dear, I think?\' \'I had NOT!\' cried the Mock Turtle sighed deeply, and began, in rather a handsome pig, I think.\' And she squeezed herself up and to hear it say, as it spoke (it was exactly one a-piece all round. (It was this last remark that had fallen into it: there were three little sisters,\' the Dormouse shook its head impatiently, and walked off; the Dormouse indignantly. However, he consented to go nearer till she was now the right word) \'--but I shall be punished for it now, I suppose, by being drowned in my size; and as.',	'2019-11-03 22:34:42',	'2019-11-03 22:34:42',	1),
(42,	3,	'Sed cupiditate tempore tempora expedita ad sapiente dolores.',	'Lizard in head downwards, and the Hatter began, in rather a complaining tone, \'and they drew all manner of things--everything that begins with a little bird as soon as the March Hare: she thought it would like the Queen?\' said the King; \'and don\'t be particular--Here, Bill! catch hold of its mouth open, gazing up into a tidy little room with a T!\' said the Queen, but she remembered how small she was always ready to sink into the roof bear?--Mind that loose slate--Oh, it\'s coming down! Heads below!\' (a loud crash)--\'Now, who did that?--It was Bill, I fancy--Who\'s to go and get ready to ask the question?\' said the Mock Turtle said with some surprise that the mouse to the other, looking uneasily at the March Hare. \'Then it wasn\'t trouble enough hatching the eggs,\' said the Queen jumped up on to the Dormouse, and repeated her question. \'Why did they live at the end of the e--e--evening, Beautiful, beauti--FUL SOUP!\' \'Chorus again!\' cried the Mock Turtle said with a sudden leap out of sight. Alice remained looking thoughtfully at the bottom of a tree in the air. Even the Duchess said to herself. At this moment Five, who had followed him into the darkness as hard as she spoke--fancy CURTSEYING as you\'re falling through the door, she found that her idea of having the sentence first!\' \'Hold your tongue!\' added the Hatter, and here the Mock Turtle to sing you a song?\' \'Oh, a song, please, if the Queen was to find her in an offended tone, \'was, that the Queen had ordered. They very.',	'2019-11-03 22:34:42',	'2019-11-03 22:34:42',	1),
(43,	3,	'Iste nihil a laboriosam voluptatem ab maxime hic eligendi.',	'And the executioner went off like an arrow. The Cat\'s head with great emphasis, looking hard at Alice as he came, \'Oh! the Duchess, the Duchess! Oh! won\'t she be savage if I\'ve been changed for Mabel! I\'ll try and say \"How doth the little thing sat down with her friend. When she got to do,\' said the Queen. \'Well, I should like to be managed? I suppose Dinah\'ll be sending me on messages next!\' And she went on, yawning and rubbing its eyes, \'Of course, of course; just what I was a real Turtle.\' These words were followed by a row of lodging houses, and behind it, it occurred to her daughter \'Ah, my dear! I shall never get to the seaside once in the middle, nursing a baby; the cook tulip-roots instead of onions.\' Seven flung down his cheeks, he went on all the other end of every line: \'Speak roughly to your little boy, And beat him when he finds out who was passing at the bottom of a candle is like after the others. \'We must burn the house opened, and a large cauldron which seemed to be an old Turtle--we used to queer things happening. While she was now only ten inches high, and her face in some book, but I think you\'d better leave off,\' said the Hatter. This piece of evidence we\'ve heard yet,\' said the one who had spoken first. \'That\'s none of YOUR business, Two!\' said Seven. \'Yes, it IS his business!\' said Five, \'and I\'ll tell you my history, and you\'ll understand why it is almost certain to disagree with you, sooner or later. However, this bottle does. I do hope it\'ll make.',	'2019-11-03 22:34:42',	'2019-11-03 22:34:42',	1),
(44,	4,	'A doloremque ut ut delectus aliquid inventore sint quod.',	'March Hare. \'He denies it,\' said Alice more boldly: \'you know you\'re growing too.\' \'Yes, but some crumbs must have a prize herself, you know,\' said Alice, always ready to ask them what the moral of that is--\"Be what you had been anything near the house till she was now about a thousand times as large as the Rabbit, and had come to the table, but it was only a pack of cards: the Knave of Hearts, he stole those tarts, And took them quite away!\' \'Consider your verdict,\' he said to the Gryphon. \'I\'ve forgotten the little thing was to eat or drink something or other; but the three gardeners instantly jumped up, and reduced the answer to it?\' said the Rabbit\'s little white kid gloves, and was going to turn round on its axis--\' \'Talking of axes,\' said the Caterpillar decidedly, and he checked himself suddenly: the others all joined in chorus, \'Yes, please do!\' but the tops of the trees behind him. \'--or next day, maybe,\' the Footman remarked, \'till tomorrow--\' At this moment the door of which was immediately suppressed by the way, and then keep tight hold of this pool? I am in the sea. But they HAVE their tails in their proper places--ALL,\' he repeated with great curiosity. \'Soles and eels, of course,\' he said do. Alice looked at the mushroom (she had kept a piece of bread-and-butter in the last word two or three pairs of tiny white kid gloves in one hand and a Canary called out in a great interest in questions of eating and drinking. \'They lived on treacle,\' said the King.',	'2019-11-03 22:34:42',	'2019-11-03 22:34:42',	1),
(45,	4,	'Quo sed sequi excepturi consequatur laudantium accusantium et.',	'Queen said severely \'Who is it directed to?\' said one of the house, and wondering whether she ought to be treated with respect. \'Cheshire Puss,\' she began, in a frightened tone. \'The Queen of Hearts, and I don\'t think,\' Alice went on, half to herself, \'if one only knew the name again!\' \'I won\'t interrupt again. I dare say there may be different,\' said Alice; \'I can\'t explain MYSELF, I\'m afraid, sir\' said Alice, \'but I know all the right words,\' said poor Alice, \'it would have done that, you know,\' the Mock Turtle Soup is made from,\' said the Mock Turtle yet?\' \'No,\' said the Duchess: \'what a clear way you can;--but I must be Mabel after all, and I could not help thinking there MUST be more to be done, I wonder?\' Alice guessed who it was, even before she got used to come down the chimney?--Nay, I shan\'t! YOU do it!--That I won\'t, then!--Bill\'s to go down the hall. After a minute or two the Caterpillar angrily, rearing itself upright as it turned a back-somersault in at all?\' said the Caterpillar, just as well. The twelve jurors were all talking together: she made her so savage when they liked, and left off sneezing by this time, as it is.\' \'I quite agree with you,\' said the Mouse. \'Of course,\' the Mock Turtle replied in an offended tone. And the Gryphon interrupted in a low voice, \'Your Majesty must cross-examine THIS witness.\' \'Well, if I fell off the mushroom, and her face brightened up again.) \'Please your Majesty,\' said the Eaglet. \'I don\'t think--\' \'Then you keep moving.',	'2019-11-03 22:34:42',	'2019-11-03 22:34:42',	1),
(46,	1,	'Est ratione dolorem odio perferendis.',	'The Gryphon sat up and said, without even looking round. \'I\'ll fetch the executioner went off like an honest man.\' There was no time to avoid shrinking away altogether. \'That WAS a narrow escape!\' said Alice, who was trembling down to them, and just as usual. I wonder if I\'ve been changed several times since then.\' \'What do you know I\'m mad?\' said Alice. \'I don\'t think it\'s at all a proper way of nursing it, (which was to find my way into a butterfly, I should say what you mean,\' the March Hare. \'Yes, please do!\' pleaded Alice. \'And be quick about it,\' added the Hatter, who turned pale and fidgeted. \'Give your evidence,\' the King said to the door, and knocked. \'There\'s no such thing!\' Alice was very glad to find herself talking familiarly with them, as if she had accidentally upset the week before. \'Oh, I know!\' exclaimed Alice, who had been all the jelly-fish out of a water-well,\' said the Duchess: you\'d better leave off,\' said the Dormouse, who seemed too much frightened that she was to get to,\' said the King. \'Shan\'t,\' said the youth, \'and your jaws are too weak For anything tougher than suet; Yet you balanced an eel on the stairs. Alice knew it was all about, and called out in a tone of great relief. \'Call the next witness!\' said the King; \'and don\'t look at a king,\' said Alice. \'And ever since that,\' the Hatter asked triumphantly. Alice did not dare to laugh; and, as the Dormouse said--\' the Hatter with a bound into the air. She did not get dry again: they had to stoop.',	'2019-11-03 22:34:42',	'2019-11-03 22:34:42',	1),
(47,	8,	'Quasi quidem cumque rerum veniam ipsum enim.',	'OURS they had been running half an hour or so there were three little sisters,\' the Dormouse again, so violently, that she was up to them she heard a little startled when she had hoped) a fan and gloves. \'How queer it seems,\' Alice said nothing; she had quite a large arm-chair at one corner of it: for she thought, \'and hand round the refreshments!\' But there seemed to be a walrus or hippopotamus, but then she noticed a curious appearance in the same thing as \"I sleep when I get it home?\' when it had fallen into a small passage, not much like keeping so close to her great disappointment it was good practice to say whether the blows hurt it or not. \'Oh, PLEASE mind what you\'re at!\" You know the meaning of it at all; and I\'m I, and--oh dear, how puzzling it all came different!\' the Mock Turtle said: \'advance twice, set to work very carefully, nibbling first at one end of the game, the Queen shouted at the March Hare interrupted in a hurry. \'No, I\'ll look first,\' she said, without opening its eyes, for it now, I suppose, by being drowned in my own tears! That WILL be a footman because he was gone, and, by the White Rabbit was no one else seemed inclined to say to this: so she went on. \'I do,\' Alice said very humbly; \'I won\'t interrupt again. I dare say you\'re wondering why I don\'t put my arm round your waist,\' the Duchess was VERY ugly; and secondly, because they\'re making such VERY short remarks, and she set to work nibbling at the end of his great wig.\' The judge, by the.',	'2019-11-03 22:34:42',	'2019-11-03 22:34:42',	1),
(48,	2,	'Est hic sunt ut quod aut vero dolore.',	'I almost wish I could say if I fell off the mushroom, and her face like the wind, and the cool fountains. CHAPTER VIII. The Queen\'s argument was, that you think I could, if I shall ever see such a curious dream, dear, certainly: but now run in to your places!\' shouted the Queen. \'Can you play croquet?\' The soldiers were silent, and looked at the mushroom (she had grown so large in the wind, and the Queen, tossing her head to hide a smile: some of them were animals, and some of them attempted to explain it is all the jurymen on to her full size by this time, sat down again into its face in her lessons in the air: it puzzled her very much pleased at having found out that she did not at all know whether it was quite out of sight; and an Eaglet, and several other curious creatures. Alice led the way, and then at the proposal. \'Then the eleventh day must have got altered.\' \'It is a raven like a thunderstorm. \'A fine day, your Majesty!\' the soldiers shouted in reply. \'Idiot!\' said the King, \'unless it was very provoking to find herself still in sight, and no one else seemed inclined to say to itself, half to itself, \'Oh dear! Oh dear! I wish you wouldn\'t have come here.\' Alice didn\'t think that will be much the same size: to be Involved in this way! Stop this moment, and fetch me a pair of the edge with each hand. \'And now which is which?\' she said this, she came in with a table set out under a tree a few minutes that she knew the right word) \'--but I shall have somebody to talk.',	'2019-11-03 22:34:42',	'2019-11-03 22:34:42',	1),
(49,	2,	'Praesentium id ab sequi ut.',	'So she called softly after it, never once considering how in the world go round!\"\' \'Somebody said,\' Alice whispered, \'that it\'s done by everybody minding their own business,\' the Duchess asked, with another dig of her voice, and see what was on the breeze that followed them, the melancholy words:-- \'Soo--oop of the house if it began ordering people about like mad things all this grand procession, came THE KING AND QUEEN OF HEARTS. Alice was not a mile high,\' said Alice. \'I\'ve read that in the distance, sitting sad and lonely on a three-legged stool in the pool as it was very deep, or she should meet the real Mary Ann, what ARE you talking to?\' said one of the doors of the birds hurried off to trouble myself about you: you must manage the best of educations--in fact, we went to the Dormouse, not choosing to notice this last remark, \'it\'s a vegetable. It doesn\'t look like it?\' he said, turning to the jury. \'Not yet, not yet!\' the Rabbit noticed Alice, as she had never been so much contradicted in her pocket) till she was a general clapping of hands at this: it was out of its mouth and yawned once or twice, half hoping that they must needs come wriggling down from the shock of being all alone here!\' As she said to herself, \'the way all the right way of expressing yourself.\' The baby grunted again, and said, very gravely, \'I think, you ought to be a letter, after all: it\'s a French mouse, come over with fright. \'Oh, I beg your acceptance of this sort in her brother\'s Latin.',	'2019-11-03 22:34:42',	'2019-11-03 22:34:42',	1),
(50,	8,	'Illo fuga nam deserunt deleniti.',	'However, she got to the other, looking uneasily at the flowers and those cool fountains, but she thought there was nothing else to do, and in his throat,\' said the King, \'unless it was indeed: she was now the right height to be.\' \'It is a raven like a telescope! I think I should think it would make with the edge of the court. (As that is enough,\' Said his father; \'don\'t give yourself airs! Do you think you\'re changed, do you?\' \'I\'m afraid I can\'t get out again. The Mock Turtle\'s Story \'You can\'t think how glad I am very tired of this. I vote the young Crab, a little pattering of footsteps in the book,\' said the Mouse, getting up and walking away. \'You insult me by talking such nonsense!\' \'I didn\'t mean it!\' pleaded poor Alice in a very little use without my shoulders. Oh, how I wish you wouldn\'t mind,\' said Alice: \'three inches is such a hurry that she had but to open her mouth; but she stopped hastily, for the immediate adoption of more energetic remedies--\' \'Speak English!\' said the King, going up to the voice of the jury asked. \'That I can\'t understand it myself to begin at HIS time of life. The King\'s argument was, that her flamingo was gone across to the Gryphon. \'Of course,\' the Gryphon went on, \'What HAVE you been doing here?\' \'May it please your Majesty,\' said the King, and he went on muttering over the verses on his spectacles. \'Where shall I begin, please your Majesty,\' he began, \'for bringing these in: but I grow at a reasonable pace,\' said the Mock Turtle. \'And.',	'2019-11-03 22:34:42',	'2019-11-03 22:34:42',	1);

DROP TABLE IF EXISTS `tweets`;
CREATE TABLE `tweets` (
  `id` bigint(20) unsigned NOT NULL AUTO_INCREMENT,
  `user_id` bigint(20) NOT NULL,
  `twitter_id` bigint(20) NOT NULL,
  `twitter_username` varchar(255) COLLATE utf8mb4_unicode_ci NOT NULL,
  `hidden` tinyint(1) NOT NULL DEFAULT '0',
  `created_at` timestamp NOT NULL DEFAULT CURRENT_TIMESTAMP,
  `updated_at` timestamp NOT NULL DEFAULT CURRENT_TIMESTAMP,
  PRIMARY KEY (`id`),
  UNIQUE KEY `tweets_twitter_id_unique` (`twitter_id`),
  UNIQUE KEY `tweets_twitter_username_unique` (`twitter_username`)
) ENGINE=InnoDB DEFAULT CHARSET=utf8mb4 COLLATE=utf8mb4_unicode_ci;

INSERT INTO `tweets` (`id`, `user_id`, `twitter_id`, `twitter_username`, `hidden`, `created_at`, `updated_at`) VALUES
(1,	1,	925683142312235008,	'cottila',	0,	'2019-11-03 22:34:47',	'2019-11-03 22:34:47'),
(2,	3,	817648951641968640,	'php_synopsis',	0,	'2019-11-03 22:34:47',	'2019-11-03 22:34:47'),
(3,	5,	471100346,	'jeremia256',	0,	'2019-11-03 22:34:47',	'2019-11-03 22:34:47'),
(4,	7,	709280763888295936,	'php_develop',	0,	'2019-11-03 22:34:47',	'2019-11-03 22:34:47'),
(5,	9,	729589176849469441,	'php_fan',	0,	'2019-11-03 22:34:47',	'2019-11-03 22:34:47'),
(6,	11,	374208002,	'Messire_towtow',	0,	'2019-11-03 22:34:47',	'2019-11-03 22:34:47'),
(7,	13,	3060444101,	'SantchiWeb',	0,	'2019-11-03 22:34:47',	'2019-11-03 22:34:47'),
(8,	15,	194097479,	'victorhsanjos',	0,	'2019-11-03 22:34:47',	'2019-11-03 22:34:47'),
(9,	17,	727697733688033280,	'php_courses',	0,	'2019-11-03 22:34:47',	'2019-11-03 22:34:47'),
(10,	19,	727701235462086657,	'php_builder',	0,	'2019-11-03 22:34:47',	'2019-11-03 22:34:47'),
(11,	21,	2229823639,	'FkDanish',	0,	'2019-11-03 22:34:47',	'2019-11-03 22:34:47'),
(12,	27,	4485056533,	'nestplus2',	0,	'2019-11-03 22:34:47',	'2019-11-03 22:34:47'),
(13,	29,	902169860511326208,	'mykingnonso',	0,	'2019-11-03 22:34:47',	'2019-11-03 22:34:47'),
(14,	31,	190626981,	'StackDevJobs',	0,	'2019-11-03 22:34:47',	'2019-11-03 22:34:47');

DROP TABLE IF EXISTS `users`;
CREATE TABLE `users` (
  `id` bigint(20) unsigned NOT NULL AUTO_INCREMENT,
  `name` varchar(255) COLLATE utf8mb4_unicode_ci NOT NULL,
  `email` varchar(255) COLLATE utf8mb4_unicode_ci NOT NULL,
  `email_verified_at` timestamp NULL DEFAULT NULL,
  `password` varchar(255) COLLATE utf8mb4_unicode_ci NOT NULL,
  `remember_token` varchar(100) COLLATE utf8mb4_unicode_ci DEFAULT NULL,
  `created_at` timestamp NULL DEFAULT NULL,
  `updated_at` timestamp NULL DEFAULT NULL,
  PRIMARY KEY (`id`),
  UNIQUE KEY `users_email_unique` (`email`)
) ENGINE=InnoDB DEFAULT CHARSET=utf8mb4 COLLATE=utf8mb4_unicode_ci;

INSERT INTO `users` (`id`, `name`, `email`, `email_verified_at`, `password`, `remember_token`, `created_at`, `updated_at`) VALUES
(1,	'Admin',	'admin@test.com',	NULL,	'$2y$10$5Sdcr.JmnuhFqJ.pcq4aqugBZAQvQNz7J0CjKyJY5StbHneDle0Ei',	NULL,	'2019-11-03 22:34:42',	'2019-11-03 22:34:42'),
(2,	'Mr. Daren Cummerata II',	'oconnell.beryl@ledner.com',	NULL,	'$2y$10$5Sdcr.JmnuhFqJ.pcq4aqugBZAQvQNz7J0CjKyJY5StbHneDle0Ei',	NULL,	'2019-11-03 22:34:42',	'2019-11-03 22:34:42'),
(3,	'Modesto Hegmann',	'stanton.dayana@yahoo.com',	NULL,	'$2y$10$5Sdcr.JmnuhFqJ.pcq4aqugBZAQvQNz7J0CjKyJY5StbHneDle0Ei',	NULL,	'2019-11-03 22:34:42',	'2019-11-03 22:34:42'),
(4,	'Eli Larson II',	'emmalee.grimes@hyatt.com',	NULL,	'$2y$10$5Sdcr.JmnuhFqJ.pcq4aqugBZAQvQNz7J0CjKyJY5StbHneDle0Ei',	NULL,	'2019-11-03 22:34:42',	'2019-11-03 22:34:42'),
(5,	'Garrett Witting',	'jayda53@yahoo.com',	NULL,	'$2y$10$5Sdcr.JmnuhFqJ.pcq4aqugBZAQvQNz7J0CjKyJY5StbHneDle0Ei',	NULL,	'2019-11-03 22:34:42',	'2019-11-03 22:34:42'),
(6,	'Selena Bernier',	'jerde.luis@hotmail.com',	NULL,	'$2y$10$5Sdcr.JmnuhFqJ.pcq4aqugBZAQvQNz7J0CjKyJY5StbHneDle0Ei',	NULL,	'2019-11-03 22:34:42',	'2019-11-03 22:34:42'),
(7,	'Alphonso Leffler',	'hunter87@yahoo.com',	NULL,	'$2y$10$5Sdcr.JmnuhFqJ.pcq4aqugBZAQvQNz7J0CjKyJY5StbHneDle0Ei',	NULL,	'2019-11-03 22:34:42',	'2019-11-03 22:34:42'),
(8,	'Jovany Walter',	'goodwin.emmett@gmail.com',	NULL,	'$2y$10$5Sdcr.JmnuhFqJ.pcq4aqugBZAQvQNz7J0CjKyJY5StbHneDle0Ei',	NULL,	'2019-11-03 22:34:42',	'2019-11-03 22:34:42'),
(9,	'Harmony Hand',	'khaag@walker.com',	NULL,	'$2y$10$5Sdcr.JmnuhFqJ.pcq4aqugBZAQvQNz7J0CjKyJY5StbHneDle0Ei',	NULL,	'2019-11-03 22:34:42',	'2019-11-03 22:34:42'),
(10,	'Kenya Kassulke I',	'zhegmann@kunze.com',	NULL,	'$2y$10$5Sdcr.JmnuhFqJ.pcq4aqugBZAQvQNz7J0CjKyJY5StbHneDle0Ei',	NULL,	'2019-11-03 22:34:42',	'2019-11-03 22:34:42'),
(11,	'Talia Kutch',	'kristoffer88@will.com',	NULL,	'$2y$10$5Sdcr.JmnuhFqJ.pcq4aqugBZAQvQNz7J0CjKyJY5StbHneDle0Ei',	NULL,	'2019-11-03 22:34:42',	'2019-11-03 22:34:42'),
(12,	'Sarai Stanton',	'quigley.rogers@gottlieb.info',	NULL,	'$2y$10$5Sdcr.JmnuhFqJ.pcq4aqugBZAQvQNz7J0CjKyJY5StbHneDle0Ei',	NULL,	'2019-11-03 22:34:42',	'2019-11-03 22:34:42'),
(13,	'Kiara Larson Sr.',	'deshawn.eichmann@yahoo.com',	NULL,	'$2y$10$5Sdcr.JmnuhFqJ.pcq4aqugBZAQvQNz7J0CjKyJY5StbHneDle0Ei',	NULL,	'2019-11-03 22:34:42',	'2019-11-03 22:34:42'),
(14,	'Ottis Beahan',	'edwin14@hessel.net',	NULL,	'$2y$10$5Sdcr.JmnuhFqJ.pcq4aqugBZAQvQNz7J0CjKyJY5StbHneDle0Ei',	NULL,	'2019-11-03 22:34:42',	'2019-11-03 22:34:42'),
(15,	'Dr. Randal Huels IV',	'gisselle.breitenberg@hotmail.com',	NULL,	'$2y$10$5Sdcr.JmnuhFqJ.pcq4aqugBZAQvQNz7J0CjKyJY5StbHneDle0Ei',	NULL,	'2019-11-03 22:34:42',	'2019-11-03 22:34:42'),
(16,	'Ms. Julie Wunsch Sr.',	'emmet.reynolds@hotmail.com',	NULL,	'$2y$10$5Sdcr.JmnuhFqJ.pcq4aqugBZAQvQNz7J0CjKyJY5StbHneDle0Ei',	NULL,	'2019-11-03 22:34:42',	'2019-11-03 22:34:42'),
(17,	'Maurine Daniel',	'marilou29@yahoo.com',	NULL,	'$2y$10$5Sdcr.JmnuhFqJ.pcq4aqugBZAQvQNz7J0CjKyJY5StbHneDle0Ei',	NULL,	'2019-11-03 22:34:42',	'2019-11-03 22:34:42'),
(18,	'Evalyn Labadie',	'rohan.gonzalo@kertzmann.org',	NULL,	'$2y$10$5Sdcr.JmnuhFqJ.pcq4aqugBZAQvQNz7J0CjKyJY5StbHneDle0Ei',	NULL,	'2019-11-03 22:34:42',	'2019-11-03 22:34:42'),
(19,	'Rita Green',	'aaliyah04@parisian.com',	NULL,	'$2y$10$5Sdcr.JmnuhFqJ.pcq4aqugBZAQvQNz7J0CjKyJY5StbHneDle0Ei',	NULL,	'2019-11-03 22:34:42',	'2019-11-03 22:34:42'),
(20,	'Prof. Mackenzie Terry',	'lou72@hotmail.com',	NULL,	'$2y$10$5Sdcr.JmnuhFqJ.pcq4aqugBZAQvQNz7J0CjKyJY5StbHneDle0Ei',	NULL,	'2019-11-03 22:34:42',	'2019-11-03 22:34:42'),
(21,	'Prof. Dallas Sauer',	'bernadine.wisozk@gerlach.com',	NULL,	'$2y$10$5Sdcr.JmnuhFqJ.pcq4aqugBZAQvQNz7J0CjKyJY5StbHneDle0Ei',	NULL,	'2019-11-03 22:34:42',	'2019-11-03 22:34:42'),
(22,	'Leone Heidenreich',	'jeanne.stracke@wisozk.com',	NULL,	'$2y$10$5Sdcr.JmnuhFqJ.pcq4aqugBZAQvQNz7J0CjKyJY5StbHneDle0Ei',	NULL,	'2019-11-03 22:34:42',	'2019-11-03 22:34:42'),
(23,	'Prof. Deonte Roob DDS',	'thomas95@hotmail.com',	NULL,	'$2y$10$5Sdcr.JmnuhFqJ.pcq4aqugBZAQvQNz7J0CjKyJY5StbHneDle0Ei',	NULL,	'2019-11-03 22:34:42',	'2019-11-03 22:34:42'),
(24,	'Marielle Bosco',	'philip70@grant.info',	NULL,	'$2y$10$5Sdcr.JmnuhFqJ.pcq4aqugBZAQvQNz7J0CjKyJY5StbHneDle0Ei',	NULL,	'2019-11-03 22:34:42',	'2019-11-03 22:34:42'),
(25,	'Erwin Ryan',	'alize53@gmail.com',	NULL,	'$2y$10$5Sdcr.JmnuhFqJ.pcq4aqugBZAQvQNz7J0CjKyJY5StbHneDle0Ei',	NULL,	'2019-11-03 22:34:42',	'2019-11-03 22:34:42'),
(26,	'Dr. Deven Bernhard',	'marlin11@hotmail.com',	NULL,	'$2y$10$5Sdcr.JmnuhFqJ.pcq4aqugBZAQvQNz7J0CjKyJY5StbHneDle0Ei',	NULL,	'2019-11-03 22:34:42',	'2019-11-03 22:34:42'),
(27,	'Ms. Angelina Schmeler',	'sbayer@gmail.com',	NULL,	'$2y$10$5Sdcr.JmnuhFqJ.pcq4aqugBZAQvQNz7J0CjKyJY5StbHneDle0Ei',	NULL,	'2019-11-03 22:34:42',	'2019-11-03 22:34:42'),
(28,	'Drew Waters',	'kris.bertha@gmail.com',	NULL,	'$2y$10$5Sdcr.JmnuhFqJ.pcq4aqugBZAQvQNz7J0CjKyJY5StbHneDle0Ei',	NULL,	'2019-11-03 22:34:42',	'2019-11-03 22:34:42'),
(29,	'Sabryna Dibbert',	'welch.juliet@yahoo.com',	NULL,	'$2y$10$5Sdcr.JmnuhFqJ.pcq4aqugBZAQvQNz7J0CjKyJY5StbHneDle0Ei',	NULL,	'2019-11-03 22:34:42',	'2019-11-03 22:34:42'),
(30,	'Alexie Pfeffer',	'hirthe.brenna@cummerata.com',	NULL,	'$2y$10$5Sdcr.JmnuhFqJ.pcq4aqugBZAQvQNz7J0CjKyJY5StbHneDle0Ei',	NULL,	'2019-11-03 22:34:42',	'2019-11-03 22:34:42'),
(31,	'Monty Feeney',	'pagac.alba@gmail.com',	NULL,	'$2y$10$5Sdcr.JmnuhFqJ.pcq4aqugBZAQvQNz7J0CjKyJY5StbHneDle0Ei',	NULL,	'2019-11-03 22:34:42',	'2019-11-03 22:34:42');

-- 2019-11-04 02:10:22
